[
  {
    "id": "553398138547@s.whatsapp.net",
    "server": "187.108.201.171",
    "senha": "Miguel1987@duda"
  },
  {
    "id": "559294965226@s.whatsapp.net",
    "server": "20.226.11.180",
    "senha": "root134"
  },
  {
    "id": "556292962811@s.whatsapp.net",
    "server": "209.14.70.140",
    "senha": "1836ga45"
  },
  {
    "id": "5521977381346@s.whatsapp.net",
    "server": "168.138.157.58",
    "senha": "98811598"
  },
  {
    "id": "5524981059715@s.whatsapp.net",
    "server": "209.14.137.48",
    "senha": "Qnax702"
  },
  {
    "id": "5511949356144@s.whatsapp.net",
    "server": "144.22.169.38",
    "senha": "15174136"
  },
  {
    "id": "5513981316726@s.whatsapp.net",
    "server": "20.206.202.26",
    "senha": "Kennedy.110687"
  },
  {
    "id": "553190769787@s.whatsapp.net",
    "server": "15.228.204.96",
    "senha": "223311"
  },
  {
    "id": "559291350921@s.whatsapp.net",
    "server": "186.202.57.72",
    "senha": "2020pantoja"
  },
  {
    "id": "559284608904@s.whatsapp.net",
    "server": "186.202.57.72",
    "senha": "2020pantoja"
  },
  {
    "id": "553194650227@s.whatsapp.net",
    "server": "144.22.169.38",
    "senha": "15174136"
  },
  {
    "id": "573226952924@s.whatsapp.net",
    "server": "168.164.135.12",
    "senha": "tecno"
  }
]