[{"id":"553199465022750998@s.whatsapp.net"},{"id":"553194650227@s.whatsapp.net","date":"11/08/22"},{"id":"559991508491@s.whatsapp.net","date":"11/08/22"},{"id":"5531994650227@s.whatsapp.net","date":"11/08/22"},{"id":"5521969226661@s.whatsapp.net","date":"12/08/22"},{"id":"status@broadcast","date":"12/08/22"},{"id":"5518997908503@s.whatsapp.net","date":"12/08/22"},{"id":"558584291163@s.whatsapp.net","date":"12/08/22"},{"id":"5511949356144@s.whatsapp.net","date":"12/08/22"},{"id":"5518996214419@s.whatsapp.net","date":"12/08/22"},{"id":"5519987128375@s.whatsapp.net","date":"12/08/22"},{"id":"5518996836569@s.whatsapp.net","date":"12/08/22"},{"id":"556899355576@s.whatsapp.net","date":"12/08/22"},{"id":"5518997741186@s.whatsapp.net","date":"13/08/22"},{"id":"5518997904297@s.whatsapp.net","date":"13/08/22"},{"id":"558281191498@s.whatsapp.net","date":"13/08/22"},{"id":"558288754398@s.whatsapp.net","date":"13/08/22"},{"id":"553184948750@s.whatsapp.net","date":"13/08/22"},{"id":"258875990438@s.whatsapp.net","date":"13/08/22"},{"id":"5521981168546@s.whatsapp.net","date":"13/08/22"},{"id":"5518997314832@s.whatsapp.net","date":"13/08/22"},{"id":"554491467071@s.whatsapp.net","date":"13/08/22"},{"id":"5511966491483@s.whatsapp.net","date":"14/08/22"},{"id":"558198923680@s.whatsapp.net","date":"14/08/22"},{"id":"554999229700@s.whatsapp.net","date":"14/08/22"},{"id":"558896934293@s.whatsapp.net","date":"15/08/22"},{"id":"5521995400244@s.whatsapp.net","date":"15/08/22"},{"id":"558681738809@s.whatsapp.net","date":"15/08/22"},{"id":"557199680533@s.whatsapp.net","date":"15/08/22"},{"id":"554498147393@s.whatsapp.net","date":"15/08/22"},{"id":"5518996389324@s.whatsapp.net","date":"15/08/22"},{"id":"5519989123916@s.whatsapp.net","date":"15/08/22"},{"id":"5511948504233@s.whatsapp.net","date":"16/08/22"},{"id":"557399396052@s.whatsapp.net","date":"16/08/22"},{"id":"554491150998@s.whatsapp.net","date":"22/08/22"},{"id":"553398417046@s.whatsapp.net","date":"28/08/22"},{"id":"553172302345@s.whatsapp.net","date":"04/09/22"},{"id":"916230747848@s.whatsapp.net","date":"04/09/22"},{"id":"557499580079@s.whatsapp.net","date":"04/09/22"},{"id":"5521995397681@s.whatsapp.net","date":"04/09/22"},{"id":"559984547002@s.whatsapp.net","date":"05/09/22"},{"id":"553184019128@s.whatsapp.net","date":"05/09/22"},{"id":"553193329312@s.whatsapp.net","date":"05/09/22"},{"id":"554391897871@s.whatsapp.net","date":"05/09/22"},{"id":"556899963950@s.whatsapp.net","date":"07/09/22"},{"id":"5511990215494@s.whatsapp.net","date":"07/09/22"},{"id":"5511983926968@s.whatsapp.net","date":"09/09/22"},{"id":"5511986549820@s.whatsapp.net","date":"09/09/22"},{"id":"5512996441736@s.whatsapp.net","date":"09/09/22"},{"id":"5521997028979@s.whatsapp.net","date":"10/09/22"},{"id":"5514998402388@s.whatsapp.net","date":"10/09/22"},{"id":"558781656946@s.whatsapp.net","date":"13/09/22"},{"id":"553198565690@s.whatsapp.net","date":"14/09/22"},{"id":"553199290404@s.whatsapp.net","date":"21/09/22"},{"id":"553172151911@s.whatsapp.net","date":"25/09/22"},{"id":"50246151704@s.whatsapp.net","date":"26/09/22"},{"id":"555493548824@s.whatsapp.net","date":"26/09/22"},{"id":"5511931248418@s.whatsapp.net","date":"26/09/22"},{"id":"556292962811@s.whatsapp.net","date":"26/09/22"},{"id":"558185426614@s.whatsapp.net","date":"26/09/22"},{"id":"5516994147395@s.whatsapp.net","date":"26/09/22"},{"id":"5521980606861@s.whatsapp.net","date":"26/09/22"},{"id":"559791472274@s.whatsapp.net","date":"26/09/22"},{"id":"553599619907@s.whatsapp.net","date":"26/09/22"},{"id":"557196239968@s.whatsapp.net","date":"26/09/22"},{"id":"555180106580@s.whatsapp.net","date":"26/09/22"},{"id":"5521999929923@s.whatsapp.net","date":"26/09/22"},{"id":"553499540433@s.whatsapp.net","date":"26/09/22"},{"id":"555181489990@s.whatsapp.net","date":"26/09/22"},{"id":"553484095165@s.whatsapp.net","date":"26/09/22"},{"id":"553399603702@s.whatsapp.net","date":"26/09/22"},{"id":"558182383469@s.whatsapp.net","date":"26/09/22"},{"id":"554491020436@s.whatsapp.net","date":"26/09/22"},{"id":"556281440314@s.whatsapp.net","date":"26/09/22"},{"id":"5521966761390@s.whatsapp.net","date":"26/09/22"},{"id":"558481320227@s.whatsapp.net","date":"26/09/22"},{"id":"5524981059715@s.whatsapp.net","date":"26/09/22"},{"id":"5521977381346@s.whatsapp.net","date":"26/09/22"},{"id":"558281718851@s.whatsapp.net","date":"26/09/22"},{"id":"5519989795334@s.whatsapp.net","date":"27/09/22"},{"id":"557199899632@s.whatsapp.net","date":"27/09/22"},{"id":"553891075879@s.whatsapp.net","date":"27/09/22"},{"id":"558481434287@s.whatsapp.net","date":"27/09/22"},{"id":"553398806780@s.whatsapp.net","date":"27/09/22"},{"id":"559284608904@s.whatsapp.net","date":"27/09/22"},{"id":"553191699329@s.whatsapp.net","date":"27/09/22"},{"id":"559291390786@s.whatsapp.net","date":"27/09/22"},{"id":"5521979718584@s.whatsapp.net","date":"27/09/22"},{"id":"5511969285368@s.whatsapp.net","date":"27/09/22"},{"id":"573226952924@s.whatsapp.net","date":"27/09/22"},{"id":"559183170546@s.whatsapp.net","date":"27/09/22"},{"id":"559883484565@s.whatsapp.net","date":"27/09/22"},{"id":"559984180630@s.whatsapp.net","date":"27/09/22"}]